scenario,speed_mps,offset_ms,method,pos_err_m_mean,pos_err_m_std,pos_err_p95_m_mean,pos_err_p95_m_std,ghost_rate_mean,ghost_rate_std,traj_residual_m_mean,traj_residual_m_std,offset_est_err_ms_mean,offset_est_err_ms_std,delta_hat_ms_mean,delta_hat_ms_std,pred_err_m_mean,pred_err_m_std
straight,5,0,none,0.18837410325269838,0.005499553728193334,0.366352133330698,0.011684655177380232,0.0,0.0,0.22042219992992176,0.006824497317433844,,,0.2,1.0954451150103321,0.0,0.0
straight,5,0,comp_known,0.18837410325269838,0.005499553728193334,0.366352133330698,0.011684655177380232,0.0,0.0,0.22042219992992176,0.006824497317433844,,,0.2,1.0954451150103321,0.0,0.0
straight,5,0,comp_est,0.18832041053230403,0.005450451456451048,0.36774116391844286,0.013345823330635057,0.0,0.0,0.2203333745999989,0.006701332836807607,0.6,0.8944271909999159,0.2,1.0954451150103321,0.0,0.0
straight,5,25,none,0.22139478145078603,0.006324949154308881,0.4256448804816582,0.008268885891390937,0.0,0.0,0.25481388178804154,0.008242188721044203,,,26.2,1.30384048104053,0.125,0.0
straight,5,25,comp_known,0.1883216171484473,0.005383364459842415,0.36653595804419004,0.012367277387485298,0.0,0.0,0.2201544559383885,0.006779360052751833,,,26.2,1.30384048104053,0.125,0.0
straight,5,25,comp_est,0.188209595584411,0.005355407069010691,0.3677686718819845,0.013125632340731764,0.0,0.0,0.2200632303102683,0.006638994348987331,1.1999999999999988,1.3038404810405293,26.2,1.30384048104053,0.125,0.0
straight,5,50,none,0.3031986507554417,0.006270546448442061,0.5283930147559952,0.00916306845002713,0.0,0.0,0.33546740757880644,0.008465799072002064,,,50.4,1.6733200530681513,0.25,0.0
straight,5,50,comp_known,0.18866408441270002,0.005280662493176771,0.36646426852786734,0.013733285524762306,0.0,0.0,0.21971519410513224,0.006725056705190763,,,50.4,1.6733200530681513,0.25,0.0
straight,5,50,comp_est,0.18858155882527228,0.00525780777180962,0.365791421358895,0.01224220851927997,0.0,0.0,0.21960514027512454,0.006586021275254818,1.1999999999999982,1.0954451150103306,50.4,1.6733200530681513,0.25,0.0
straight,5,100,none,0.5270675086022345,0.005411910596227346,0.763226369397589,0.009726816775285502,0.2617801047120419,0.1851064872216093,0.5491039752130978,0.008143546055850435,,,100.2,1.303840481040529,0.5,0.0
straight,5,100,comp_known,0.19087001101366996,0.004853675745645135,0.37147338872172186,0.015862960575639008,0.0,0.0,0.21856138005289288,0.006399718856519195,,,100.2,1.303840481040529,0.5,0.0
straight,5,100,comp_est,0.19082054581152558,0.004855805211317695,0.37179830863496444,0.01521383600848346,0.0,0.0,0.21845913398852929,0.0062870142006784275,0.9999999999999982,0.7071067811865432,100.2,1.303840481040529,0.5,0.0
straight,5,150,none,0.7692512187884892,0.005032736530717423,1.008418182234126,0.011608489603177374,6.335078534031413,0.8563050907746667,0.784532529832805,0.007862189643151716,,,150.0,1.4142135623730963,0.75,0.0
straight,5,150,comp_known,0.19513813823103937,0.004184688713700353,0.3766927885457644,0.017868650631330432,0.0,0.0,0.21847758633310216,0.0057276659857070054,,,150.0,1.4142135623730963,0.75,0.0
straight,5,150,comp_est,0.19508715528590279,0.004136215135847419,0.3773846568571012,0.018023628099875736,0.0,0.0,0.21837772711361278,0.005599781671373252,1.200000000000001,0.4472135954999583,150.0,1.4142135623730963,0.75,0.0
straight,5,200,none,1.015461311990228,0.00492008580365787,1.2537459423489634,0.01303600394573234,54.60732984293194,3.324710391278855,1.026871982422813,0.007679959278771965,,,199.8,1.6431676725154944,1.0,0.0
straight,5,200,comp_known,0.2012492565567542,0.003782765542744064,0.38939938721489936,0.013078795149132507,0.0,0.0,0.22085704197058614,0.004857039232782694,,,199.8,1.6431676725154944,1.0,0.0
straight,5,200,comp_est,0.2012375525904536,0.00382331468222983,0.39139026795608317,0.01602654606441022,0.0,0.0,0.22075016724863752,0.0048397674768405,1.4000000000000012,0.5477225575051666,199.8,1.6431676725154944,1.0,0.0
straight,10,0,none,0.18837410325269846,0.005499553728193515,0.3663521333306943,0.011684655177376102,0.0,0.0,0.220422199929922,0.006824497317434154,,,0.2,0.4472135954999579,0.0,0.0
straight,10,0,comp_known,0.18837410325269846,0.005499553728193515,0.3663521333306943,0.011684655177376102,0.0,0.0,0.220422199929922,0.006824497317434154,,,0.2,0.4472135954999579,0.0,0.0
straight,10,0,comp_est,0.1882925322891546,0.005413323416589048,0.36729290055623676,0.013424632185944592,0.0,0.0,0.22034204496836013,0.006712114200518318,0.2,0.4472135954999579,0.2,0.4472135954999579,0.0,0.0
straight,10,25,none,0.3031986507554406,0.006270546448442427,0.5283930147559959,0.009163068450028008,0.0,0.0,0.33546740757880567,0.008465799072002126,,,25.6,0.8944271909999156,0.25,0.0
straight,10,25,comp_known,0.18832161714844753,0.005383364459842643,0.3665359580441886,0.012367277387486835,0.0,0.0,0.22015445593838887,0.0067793600527521645,,,25.6,0.8944271909999156,0.25,0.0
straight,10,25,comp_est,0.18823989568897576,0.005302224828107792,0.3673235272107732,0.01342761137026196,0.0,0.0,0.22007583482973408,0.006681369766949898,0.5999999999999991,0.8944271909999149,25.6,0.8944271909999156,0.25,0.0
straight,10,50,none,0.5270675086022378,0.005411910596227477,0.7632263693975891,0.009726816775291035,0.2617801047120419,0.1851064872216093,0.5491039752131011,0.008143546055850387,,,50.4,0.547722557505166,0.5,0.0
straight,10,50,comp_known,0.18866408441269983,0.005280662493177019,0.3664642685278683,0.013733285524764523,0.0,0.0,0.2197151941051323,0.006725056705191143,,,50.4,0.547722557505166,0.5,0.0
straight,10,50,comp_est,0.18859880948754534,0.005213637567743694,0.3660506897082158,0.013588115219903244,0.0,0.0,0.21962198290302298,0.006618220503164099,0.3999999999999976,0.5477225575051629,50.4,0.547722557505166,0.5,0.0
straight,10,100,none,1.0154613119902292,0.004920085803658043,1.2537459423489596,0.013036003945733095,54.60732984293194,3.324710391278855,1.0268719824228143,0.007679959278771801,,,100.4,0.547722557505166,1.0,0.0
straight,10,100,comp_known,0.19087001101366974,0.004853675745645345,0.3714733887217239,0.015862960575640506,0.0,0.0,0.21856138005289294,0.006399718856519302,,,100.4,0.547722557505166,1.0,0.0
straight,10,100,comp_est,0.19083277264610016,0.00481404154536479,0.3717554809159256,0.016277817048340696,0.0,0.0,0.21846752437882316,0.006298540856886166,0.40000000000000036,0.5477225575051665,100.4,0.547722557505166,1.0,0.0
straight,10,150,none,1.511701579361074,0.004853259297641251,1.74934776809403,0.013082666300493715,99.89528795811518,0.14338286845685141,1.5190173249673649,0.007470307007908376,,,150.2,0.8366600265340772,1.5,0.0
straight,10,150,comp_known,0.19513813823103932,0.004184688713700513,0.3766927885457593,0.017868650631325998,0.0,0.0,0.2184775863331022,0.0057276659857070445,,,150.2,0.8366600265340772,1.5,0.0
straight,10,150,comp_est,0.19514329989095397,0.004166760759302761,0.37841500808861583,0.01917132156660789,0.0,0.0,0.21839488297271345,0.005635138573041171,0.6000000000000005,0.5477225575051666,150.2,0.8366600265340772,1.5,0.0
straight,10,200,none,2.0098273542922,0.004837115103798185,2.247178593391946,0.013935462232518448,100.0,0.0,2.0150335023544086,0.007355828099051672,,,200.2,0.8366600265340772,2.0,0.0
straight,10,200,comp_known,0.20124925655675402,0.0037827655427443794,0.3893993872149025,0.013078795149134535,0.0,0.0,0.22085704197058603,0.004857039232782969,,,200.2,0.8366600265340772,2.0,0.0
straight,10,200,comp_est,0.2012840756210273,0.0037728460596988785,0.3915810213212575,0.017632631198357774,0.0,0.0,0.2207974570065722,0.004787248867694679,0.6000000000000005,0.5477225575051666,200.2,0.8366600265340772,2.0,0.0
straight,20,0,none,0.18837410325269827,0.005499553728192978,0.36635213333070044,0.011684655177379601,0.0,0.0,0.2204221999299218,0.006824497317433188,,,0.2,0.4472135954999579,0.0,0.0
straight,20,0,comp_known,0.18837410325269827,0.005499553728192978,0.36635213333070044,0.011684655177379601,0.0,0.0,0.2204221999299218,0.006824497317433188,,,0.2,0.4472135954999579,0.0,0.0
straight,20,0,comp_est,0.18829019961669116,0.0054109277191809685,0.36608744100024443,0.01121758151438779,0.0,0.0,0.22035618804768048,0.006731733432049754,0.2,0.4472135954999579,0.2,0.4472135954999579,0.0,0.0
straight,20,25,none,0.5270675086022361,0.0054119105962275324,0.7632263693975877,0.00972681677530986,0.2617801047120419,0.1851064872216093,0.5491039752130995,0.008143546055850048,,,25.2,0.44721359549995815,0.5,0.0
straight,20,25,comp_known,0.1883216171484473,0.005383364459842323,0.3665359580441881,0.01236727738747657,0.0,0.0,0.22015445593838862,0.006779360052751561,,,25.2,0.44721359549995815,0.5,0.0
straight,20,25,comp_est,0.18824000008605926,0.0053030101054624195,0.3675077191535925,0.013661074588312965,0.0,0.0,0.22008842019224956,0.006693567441220141,0.19999999999999948,0.4472135954999568,25.2,0.44721359549995815,0.5,0.0
straight,20,50,none,1.0154613119902367,0.004920085803658123,1.2537459423489712,0.013036003945748146,54.60732984293194,3.324710391278855,1.0268719824228216,0.0076799592787717055,,,50.2,0.44721359549995715,1.0,0.0
straight,20,50,comp_known,0.1886640844126995,0.005280662493176498,0.3664642685278714,0.013733285524767467,0.0,0.0,0.21971519410513202,0.006725056705190196,,,50.2,0.44721359549995715,1.0,0.0
straight,20,50,comp_est,0.18859396397391118,0.0052145061042848315,0.36617635647251046,0.013328259948949336,0.0,0.0,0.21964858814098864,0.006644440966715655,0.1999999999999988,0.44721359549995526,50.2,0.44721359549995715,1.0,0.0
straight,20,100,none,2.0098273542922027,0.004837115103798237,2.2471785933919395,0.01393546223251737,100.0,0.0,2.015033502354411,0.00735582809905125,,,100.2,0.44721359549995715,2.0,0.0
straight,20,100,comp_known,0.19087001101366918,0.004853675745645206,0.3714733887217249,0.015862960575646342,0.0,0.0,0.21856138005289258,0.006399718856518665,,,100.2,0.44721359549995715,2.0,0.0
straight,20,100,comp_est,0.1908200131262637,0.004807067185323734,0.37153061191087794,0.01595271609617196,0.0,0.0,0.21849803505295826,0.006328806164496707,0.20000000000000018,0.4472135954999583,100.2,0.44721359549995715,2.0,0.0
straight,20,150,none,3.0079540353831846,0.004832770026689861,3.2456632918722983,0.014044285067397121,100.0,0.0,3.0110216652997757,0.007235480582105599,,,150.2,0.4472135954999611,3.0,0.0
straight,20,150,comp_known,0.1951381382310396,0.004184688713700815,0.3766927885457517,0.017868650631328795,0.0,0.0,0.21847758633310246,0.005727665985707017,,,150.2,0.4472135954999611,3.0,0.0
straight,20,150,comp_est,0.19510022973186097,0.004148681318351609,0.37800610308254057,0.01930413952742489,0.0,0.0,0.2184163104910623,0.005658540609135956,0.20000000000000018,0.4472135954999583,150.2,0.4472135954999611,3.0,0.0
straight,20,200,none,4.007017070696611,0.004835105987351009,4.244240222251578,0.014538627349950328,100.0,0.0,4.0090076371040055,0.007173280409311848,,,200.2,0.4472135954999611,4.0,0.0
straight,20,200,comp_known,0.2012492565567539,0.003782765542744579,0.38939938721490786,0.013078795149136962,0.0,0.0,0.2208570419705862,0.004857039232783306,,,200.2,0.4472135954999611,4.0,0.0
straight,20,200,comp_est,0.2012488522918999,0.003782320065309753,0.3907247553304302,0.015140793259538168,0.0,0.0,0.22082060547009105,0.0048131174072309334,0.20000000000000018,0.4472135954999583,200.2,0.4472135954999611,4.0,0.0
straight,30,0,none,0.18837410325269835,0.005499553728193275,0.3663521333307026,0.01168465517738412,0.0,0.0,0.22042219992992274,0.006824497317433725,,,0.0,0.0,0.0,0.0
straight,30,0,comp_known,0.18837410325269835,0.005499553728193275,0.3663521333307026,0.01168465517738412,0.0,0.0,0.22042219992992274,0.006824497317433725,,,0.0,0.0,0.0,0.0
straight,30,0,comp_est,0.18837410325269835,0.005499553728193275,0.3663521333307026,0.01168465517738412,0.0,0.0,0.22042219992992274,0.006824497317433725,0.0,0.0,0.0,0.0,0.0,0.0
straight,30,25,none,0.7692512187884882,0.0050327365307177374,1.0084181822341092,0.011608489603203553,6.335078534031413,0.8563050907746667,0.7845325298327979,0.007862189643151047,,,25.0,0.0,0.75,0.0
straight,30,25,comp_known,0.1883216171484466,0.005383364459841666,0.3665359580441716,0.01236727738750323,0.0,0.0,0.22015445593838864,0.006779360052751991,,,25.0,0.0,0.75,0.0
straight,30,25,comp_est,0.1883216171484466,0.005383364459841666,0.3665359580441716,0.01236727738750323,0.0,0.0,0.22015445593838864,0.006779360052751991,0.0,0.0,25.0,0.0,0.75,0.0
straight,30,50,none,1.5117015793610844,0.004853259297641518,1.7493477680940106,0.013082666300504104,99.89528795811518,0.14338286845685141,1.5190173249673684,0.007470307007907824,,,50.0,0.0,1.5,0.0
straight,30,50,comp_known,0.18866408441269958,0.005280662493176145,0.3664642685278647,0.013733285524760174,0.0,0.0,0.21971519410513302,0.006725056705191237,,,50.0,0.0,1.5,0.0
straight,30,50,comp_est,0.18866408441269958,0.005280662493176145,0.3664642685278647,0.013733285524760174,0.0,0.0,0.21971519410513302,0.006725056705191237,0.0,0.0,50.0,0.0,1.5,0.0
straight,30,100,none,3.0079540353831846,0.0048327700266897165,3.2456632918723054,0.014044285067357021,100.0,0.0,3.011021665299769,0.007235480582105311,,,100.0,0.0,3.0,0.0
straight,30,100,comp_known,0.19087001101366852,0.004853675745643395,0.3714733887217075,0.015862960575631312,0.0,0.0,0.21856138005289244,0.0063997188565171875,,,100.0,0.0,3.0,0.0
straight,30,100,comp_est,0.19087001101366852,0.004853675745643395,0.3714733887217075,0.015862960575631312,0.0,0.0,0.21856138005289244,0.0063997188565171875,0.0,0.0,100.0,0.0,3.0,0.0
straight,30,150,none,4.506704641348217,0.004836560996786985,4.743766295473739,0.014551795804264663,100.0,0.0,4.508335335733537,0.007152266417310025,,,150.0,0.0,4.5,0.0
straight,30,150,comp_known,0.19513813823103954,0.004184688713699893,0.37669278854577654,0.01786865063133625,0.0,0.0,0.21847758633310294,0.005727665985706649,,,150.0,0.0,4.5,0.0
straight,30,150,comp_est,0.19513813823103954,0.004184688713699893,0.37669278854577654,0.01786865063133625,0.0,0.0,0.21847758633310294,0.005727665985706649,0.0,0.0,150.0,0.0,4.5,0.0
straight,30,200,none,6.006079565314005,0.004840492884331094,6.243118343756896,0.014489022075115246,100.0,0.0,6.006989516907792,0.007109836748437631,,,200.0,0.0,6.0,0.0
straight,30,200,comp_known,0.2012492565567531,0.00378276554274496,0.3893993872148979,0.013078795149117766,0.0,0.0,0.2208570419705862,0.0048570392327829965,,,200.0,0.0,6.0,0.0
straight,30,200,comp_est,0.2012492565567531,0.00378276554274496,0.3893993872148979,0.013078795149117766,0.0,0.0,0.2208570419705862,0.0048570392327829965,0.0,0.0,200.0,0.0,6.0,0.0
maneuver,20,100,none,1.6312925513723429,0.003770247904212773,2.1697503953598867,0.007862163268350318,94.3979057591623,0.7072908945605392,1.6762809271089227,0.005428539308576971,,,100.2,0.44721359549995915,2.0,0.0
maneuver,20,100,comp_known,0.19089951825747187,0.004811744133135377,0.37156993368663094,0.015782367657837786,0.0,0.0,0.2186290536744835,0.006295105772804976,,,100.2,0.44721359549995915,2.0,0.0
maneuver,20,100,comp_est,0.19097101356293306,0.004856665972595173,0.3692767757316272,0.01398482975701905,0.0,0.0,0.21860974828558644,0.006278505181210519,0.20000000000000018,0.4472135954999583,100.2,0.44721359549995915,2.0,0.0
jitter,20,100,none,1.9925874849600185,0.018522906991782006,3.0285025783998885,0.02950216164307288,94.29319371727749,0.9329073131521218,2.0874901596036475,0.017412114365142124,,,99.0,0.7071067811865462,2.0,0.0
jitter,20,100,comp_known,0.5382608996240397,0.01053379767907644,1.2135427798577456,0.02667002012002438,11.727748691099475,1.1619026712655571,0.6501502546049526,0.012624831955262988,,,99.0,0.7071067811865462,2.0,0.0
jitter,20,100,comp_est,0.537959018344677,0.010357363949240724,1.2092206856183219,0.02808418412778454,11.570680628272251,1.101344710364536,0.6497189943728319,0.011941530012026016,1.0000000000000009,0.7071067811865481,99.0,0.7071067811865462,2.0,0.0
standstill,20,100,none,0.18837410325269832,0.005499553728193317,0.3663521333306956,0.011684655177379566,0.0,0.0,0.22042219992992176,0.006824497317434081,,,-23.0,160.68136170695095,0.0,0.0
standstill,20,100,comp_known,0.19087001101367,0.004853675745644789,0.3714733887217207,0.01586296057563492,0.0,0.0,0.21856138005289294,0.006399718856519061,,,-23.0,160.68136170695095,0.0,0.0
standstill,20,100,comp_est,0.19137788952233928,0.008292633361237478,0.3788969960726315,0.019514926436704504,0.0,0.0,0.21872901309225315,0.007529506995264073,123.0,160.68136170695095,-23.0,160.68136170695095,0.0,0.0
