scenario,speed_mps,offset_ms,seed,method,n_radar,pos_err_m,pos_err_p95_m,ghost_rate,traj_residual_m,offset_est_err_ms,delta_hat_ms,pred_err_m
straight,5,0,0,none,382,0.1801865354118079,0.3579811255205833,0.0,0.21097721160465893,,0.0,0.0
straight,5,0,0,comp_known,382,0.1801865354118079,0.3579811255205833,0.0,0.21097721160465893,,0.0,0.0
straight,5,0,0,comp_est,382,0.1801865354118079,0.3579811255205833,0.0,0.21097721160465893,0.0,0.0,0.0
straight,5,25,0,none,382,0.21493205775039262,0.4194005409708335,0.0,0.2454004131830418,,26.0,0.125
straight,5,25,0,comp_known,382,0.17993456593150345,0.357223263288113,0.0,0.21067867969644197,,26.0,0.125
straight,5,25,0,comp_est,382,0.17978047722922752,0.3592865673864219,0.0,0.210715187963967,0.9999999999999974,26.0,0.125
straight,5,50,0,none,382,0.29993483739690674,0.516704867373458,0.0,0.3273856163064269,,50.0,0.25
straight,5,50,0,comp_known,382,0.18019739343026966,0.3558495712446043,0.0,0.21031572516820649,,50.0,0.25
straight,5,50,0,comp_est,382,0.18019739343026966,0.3558495712446043,0.0,0.21031572516820649,0.0,50.0,0.25
straight,5,100,0,none,382,0.5272217097787525,0.7530246734101964,0.2617801047120419,0.543002117594581,,100.0,0.5
straight,5,100,0,comp_known,382,0.18285456206321957,0.358841838169972,0.0,0.2096684780253019,,100.0,0.5
straight,5,100,0,comp_est,382,0.18285456206321957,0.358841838169972,0.0,0.2096684780253019,0.0,100.0,0.5
straight,5,150,0,none,382,0.7701457588409233,0.9949919649084262,5.2356020942408374,0.7794365000819891,,149.0,0.75
straight,5,150,0,comp_known,382,0.1881672854282418,0.3637763750387046,0.0,0.21045568526475394,,149.0,0.75
straight,5,150,0,comp_est,382,0.18823075173642353,0.36487214642121824,0.0,0.2105118379630915,1.0000000000000009,149.0,0.75
straight,5,200,0,none,382,1.0166826957677924,1.2407987037936141,53.403141361256544,1.022345937346023,,199.0,1.0
straight,5,200,0,comp_known,382,0.19481469881876268,0.3792965216560456,0.0,0.2139118627967109,,199.0,1.0
straight,5,200,0,comp_est,382,0.19476976728019388,0.3802631228252727,0.0,0.2138489060170699,1.0000000000000009,199.0,1.0
straight,10,0,0,none,382,0.18018653541180768,0.35798112552058303,0.0,0.21097721160465902,,0.0,0.0
straight,10,0,0,comp_known,382,0.18018653541180768,0.35798112552058303,0.0,0.21097721160465902,,0.0,0.0
straight,10,0,0,comp_est,382,0.18018653541180768,0.35798112552058303,0.0,0.21097721160465902,0.0,0.0,0.0
straight,10,25,0,none,382,0.29993483739690546,0.5167048673734598,0.0,0.327385616306426,,25.0,0.25
straight,10,25,0,comp_known,382,0.1799345659315034,0.3572232632881089,0.0,0.21067867969644202,,25.0,0.25
straight,10,25,0,comp_est,382,0.1799345659315034,0.3572232632881089,0.0,0.21067867969644202,0.0,25.0,0.25
straight,10,50,0,none,382,0.5272217097787554,0.7530246734101997,0.2617801047120419,0.5430021175945844,,50.0,0.5
straight,10,50,0,comp_known,382,0.18019739343026894,0.3558495712445941,0.0,0.21031572516820593,,50.0,0.5
straight,10,50,0,comp_est,382,0.18019739343026894,0.3558495712445941,0.0,0.21031572516820593,0.0,50.0,0.5
straight,10,100,0,none,382,1.0166826957677932,1.2407987037936117,53.403141361256544,1.0223459373460242,,100.0,1.0
straight,10,100,0,comp_known,382,0.1828545620632187,0.3588418381699696,0.0,0.2096684780253015,,100.0,1.0
straight,10,100,0,comp_est,382,0.1828545620632187,0.3588418381699696,0.0,0.2096684780253015,0.0,100.0,1.0
straight,10,150,0,none,382,1.513268364755354,1.7369423736383336,100.0,1.5151010301308772,,150.0,1.5
straight,10,150,0,comp_known,382,0.18816728542824118,0.3637763750387049,0.0,0.21045568526475378,,150.0,1.5
straight,10,150,0,comp_est,382,0.18816728542824118,0.3637763750387049,0.0,0.21045568526475378,0.0,150.0,1.5
straight,10,200,0,none,382,2.011575163603826,2.234422112304743,100.0,2.0114350716340192,,200.0,2.0
straight,10,200,0,comp_known,382,0.19481469881876196,0.3792965216560488,0.0,0.2139118627967106,,200.0,2.0
straight,10,200,0,comp_est,382,0.19481469881876196,0.3792965216560488,0.0,0.2139118627967106,0.0,200.0,2.0
straight,20,0,0,none,382,0.1801865354118084,0.35798112552058303,0.0,0.21097721160466026,,0.0,0.0
straight,20,0,0,comp_known,382,0.1801865354118084,0.35798112552058303,0.0,0.21097721160466026,,0.0,0.0
straight,20,0,0,comp_est,382,0.1801865354118084,0.35798112552058303,0.0,0.21097721160466026,0.0,0.0,0.0
straight,20,25,0,none,382,0.5272217097787552,0.7530246734101961,0.2617801047120419,0.5430021175945833,,25.0,0.5
straight,20,25,0,comp_known,382,0.1799345659315036,0.3572232632881018,0.0,0.21067867969644274,,25.0,0.5
straight,20,25,0,comp_est,382,0.1799345659315036,0.3572232632881018,0.0,0.21067867969644274,0.0,25.0,0.5
straight,20,50,0,none,382,1.0166826957678021,1.2407987037936195,53.403141361256544,1.0223459373460322,,50.0,1.0
straight,20,50,0,comp_known,382,0.18019739343026944,0.3558495712445966,0.0,0.21031572516820723,,50.0,1.0
straight,20,50,0,comp_est,382,0.18019739343026944,0.3558495712445966,0.0,0.21031572516820723,0.0,50.0,1.0
straight,20,100,0,none,382,2.0115751636038297,2.2344221123047427,100.0,2.011435071634022,,100.0,2.0
straight,20,100,0,comp_known,382,0.18285456206321826,0.358841838169971,0.0,0.20966847802530136,,100.0,2.0
straight,20,100,0,comp_est,382,0.18285456206321826,0.358841838169971,0.0,0.20966847802530136,0.0,100.0,2.0
straight,20,150,0,none,382,3.009888590598263,3.2313292551254875,100.0,3.0077484733918194,,150.0,3.0
straight,20,150,0,comp_known,382,0.18816728542824115,0.36377637503867866,0.0,0.2104556852647539,,150.0,3.0
straight,20,150,0,comp_est,382,0.18816728542824115,0.36377637503867866,0.0,0.2104556852647539,0.0,150.0,3.0
straight,20,200,0,none,382,4.009047185963743,4.2298527662245675,100.0,4.005899488377386,,200.0,4.0
straight,20,200,0,comp_known,382,0.1948146988187615,0.3792965216560438,0.0,0.21391186279671032,,200.0,4.0
straight,20,200,0,comp_est,382,0.1948146988187615,0.3792965216560438,0.0,0.21391186279671032,0.0,200.0,4.0
straight,30,0,0,none,382,0.18018653541180774,0.35798112552058303,0.0,0.21097721160465857,,0.0,0.0
straight,30,0,0,comp_known,382,0.18018653541180774,0.35798112552058303,0.0,0.21097721160465857,,0.0,0.0
straight,30,0,0,comp_est,382,0.18018653541180774,0.35798112552058303,0.0,0.21097721160465857,0.0,0.0,0.0
straight,30,25,0,none,382,0.7701457588409238,0.9949919649084246,5.2356020942408374,0.779436500081983,,25.0,0.75
straight,30,25,0,comp_known,382,0.1799345659315045,0.35722326328811604,0.0,0.21067867969644266,,25.0,0.75
straight,30,25,0,comp_est,382,0.1799345659315045,0.35722326328811604,0.0,0.21067867969644266,0.0,25.0,0.75
straight,30,50,0,none,382,1.513268364755366,1.7369423736383278,100.0,1.5151010301308814,,50.0,1.5
straight,30,50,0,comp_known,382,0.18019739343027197,0.35584957124461614,0.0,0.21031572516820785,,50.0,1.5
straight,30,50,0,comp_est,382,0.18019739343027197,0.35584957124461614,0.0,0.21031572516820785,0.0,50.0,1.5
straight,30,100,0,none,382,3.0098885905982637,3.2313292551254804,100.0,3.0077484733918136,,100.0,3.0
straight,30,100,0,comp_known,382,0.18285456206322112,0.35884183816997245,0.0,0.20966847802530406,,100.0,3.0
straight,30,100,0,comp_est,382,0.18285456206322112,0.35884183816997245,0.0,0.20966847802530406,0.0,100.0,3.0
straight,30,150,0,none,382,4.508766939887696,4.729355862374495,100.0,4.505282524645699,,150.0,4.5
straight,30,150,0,comp_known,382,0.18816728542824313,0.36377637503867866,0.0,0.21045568526475655,,150.0,4.5
straight,30,150,0,comp_est,382,0.18816728542824313,0.36377637503867866,0.0,0.21045568526475655,0.0,150.0,4.5
straight,30,200,0,none,382,6.00820673199996,6.229230455292543,100.0,6.004047832468103,,200.0,6.0
straight,30,200,0,comp_known,382,0.19481469881875965,0.3792965216560695,0.0,0.21391186279670926,,200.0,6.0
straight,30,200,0,comp_est,382,0.19481469881875965,0.3792965216560695,0.0,0.21391186279670926,0.0,200.0,6.0
maneuver,20,100,0,none,382,1.626368875540701,2.170530134713524,94.76439790575915,1.66780369597928,,100.0,2.0
maneuver,20,100,0,comp_known,382,0.1829516001203231,0.35883419821713114,0.0,0.20986225072562534,,100.0,2.0
maneuver,20,100,0,comp_est,382,0.1829516001203231,0.35883419821713114,0.0,0.20986225072562534,0.0,100.0,2.0
jitter,20,100,0,none,382,1.9976632591160701,2.9858946443872125,93.717277486911,2.087907221292468,,99.0,2.0
jitter,20,100,0,comp_known,382,0.5379142307109619,1.2205231997918082,11.780104712041885,0.6507102132584627,,99.0,2.0
jitter,20,100,0,comp_est,382,0.5380856776124602,1.1999534544297819,11.780104712041885,0.6505356758848851,1.0000000000000009,99.0,2.0
standstill,20,100,0,none,382,0.18018653541180782,0.3579811255205792,0.0,0.21097721160465852,,88.0,0.0
standstill,20,100,0,comp_known,382,0.18285456206322018,0.3588418381699723,0.0,0.20966847802530209,,88.0,0.0
standstill,20,100,0,comp_est,382,0.1818536286704347,0.35625669746204003,0.0,0.20972105594153484,12.00000000000001,88.0,0.0
straight,5,0,1,none,382,0.19376165928523825,0.36265913982066095,0.0,0.22462429961889177,,-1.0,0.0
straight,5,0,1,comp_known,382,0.19376165928523825,0.36265913982066095,0.0,0.22462429961889177,,-1.0,0.0
straight,5,0,1,comp_est,382,0.19393184360736224,0.3647199652876393,0.0,0.22461397164942445,1.0,-1.0,0.0
straight,5,25,1,none,382,0.22558732857362562,0.43725950499531,0.0,0.2553495530316344,,25.0,0.125
straight,5,25,1,comp_known,382,0.19328447229348675,0.36408586355239586,0.0,0.22407419720163282,,25.0,0.125
straight,5,25,1,comp_est,382,0.19328447229348675,0.36408586355239586,0.0,0.22407419720163282,0.0,25.0,0.125
straight,5,50,1,none,382,0.306081061750853,0.5290426360898391,0.0,0.3334677083131643,,49.0,0.25
straight,5,50,1,comp_known,382,0.19312880414222997,0.3638680312834079,0.0,0.2233764653864149,,49.0,0.25
straight,5,50,1,comp_est,382,0.1932964134651862,0.36303000045741635,0.0,0.2233832858875727,1.0000000000000009,49.0,0.25
straight,5,100,1,none,382,0.528184051303818,0.7582301205634777,0.2617801047120419,0.5449269207847856,,99.0,0.5
straight,5,100,1,comp_known,382,0.19400897626653568,0.356906040533639,0.0,0.22178011514777296,,99.0,0.5
straight,5,100,1,comp_est,382,0.19413937346657079,0.35929925327710827,0.0,0.22177860700229773,1.0000000000000009,99.0,0.5
straight,5,150,1,none,382,0.7698819690639316,1.007137505207161,6.020942408376963,0.7795447296366922,,149.0,0.75
straight,5,150,1,comp_known,382,0.19691685535318365,0.36171850907455466,0.0,0.2215103388216818,,149.0,0.75
straight,5,150,1,comp_est,382,0.1970210646394687,0.3641831751264313,0.0,0.22147447148899238,1.0000000000000009,149.0,0.75
straight,5,200,1,none,382,1.0159057967068361,1.2488670375042512,53.92670157068062,1.021486476666576,,198.0,1.0
straight,5,200,1,comp_known,382,0.20164175748796845,0.37781832721192704,0.0,0.22417928076120525,,198.0,1.0
straight,5,200,1,comp_est,382,0.20174429815015052,0.3749167958084859,0.0,0.22401177758456198,2.0000000000000018,198.0,1.0
straight,10,0,1,none,382,0.19376165928523836,0.36265913982066095,0.0,0.22462429961889213,,0.0,0.0
straight,10,0,1,comp_known,382,0.19376165928523836,0.36265913982066095,0.0,0.22462429961889213,,0.0,0.0
straight,10,0,1,comp_est,382,0.19376165928523836,0.36265913982066095,0.0,0.22462429961889213,0.0,0.0,0.0
straight,10,25,1,none,382,0.3060810617508521,0.529042636089827,0.0,0.33346770831316436,,25.0,0.25
straight,10,25,1,comp_known,382,0.19328447229348708,0.3640858635523901,0.0,0.22407419720163332,,25.0,0.25
straight,10,25,1,comp_est,382,0.19328447229348708,0.3640858635523901,0.0,0.22407419720163332,0.0,25.0,0.25
straight,10,50,1,none,382,0.5281840513038214,0.7582301205634638,0.2617801047120419,0.544926920784789,,50.0,0.5
straight,10,50,1,comp_known,382,0.19312880414222983,0.36386803128341977,0.0,0.22337646538641473,,50.0,0.5
straight,10,50,1,comp_est,382,0.19312880414222983,0.36386803128341977,0.0,0.22337646538641473,0.0,50.0,0.5
straight,10,100,1,none,382,1.015905796706838,1.2488670375042499,53.92670157068062,1.0214864766665774,,100.0,1.0
straight,10,100,1,comp_known,382,0.19400897626653552,0.356906040533639,0.0,0.22178011514777324,,100.0,1.0
straight,10,100,1,comp_est,382,0.19400897626653552,0.356906040533639,0.0,0.22178011514777324,0.0,100.0,1.0
straight,10,150,1,none,382,1.5119146087379243,1.740333525905531,99.73821989528795,1.5132494490431545,,149.0,1.5
straight,10,150,1,comp_known,382,0.19691685535318398,0.36171850907454195,0.0,0.2215103388216825,,149.0,1.5
straight,10,150,1,comp_est,382,0.1972816892749206,0.3637799313441442,0.0,0.22156032338749232,1.0000000000000009,149.0,1.5
straight,10,200,1,none,382,2.0099088050837923,2.2355134460960135,100.0,2.0090826682956844,,199.0,2.0
straight,10,200,1,comp_known,382,0.20164175748796812,0.3778183272119282,0.0,0.2241792807612057,,199.0,2.0
straight,10,200,1,comp_est,382,0.20188367518693734,0.3747543307430906,0.0,0.2241234761058714,1.0000000000000009,199.0,2.0
straight,20,0,1,none,382,0.1937616592852378,0.36265913982066733,0.0,0.22462429961889085,,0.0,0.0
straight,20,0,1,comp_known,382,0.1937616592852378,0.36265913982066733,0.0,0.22462429961889085,,0.0,0.0
straight,20,0,1,comp_est,382,0.1937616592852378,0.36265913982066733,0.0,0.22462429961889085,0.0,0.0,0.0
straight,20,25,1,none,382,0.5281840513038188,0.7582301205634108,0.2617801047120419,0.5449269207847873,,25.0,0.5
straight,20,25,1,comp_known,382,0.1932844722934871,0.36408586355238864,0.0,0.22407419720163269,,25.0,0.5
straight,20,25,1,comp_est,382,0.1932844722934871,0.36408586355238864,0.0,0.22407419720163269,0.0,25.0,0.5
straight,20,50,1,none,382,1.0159057967068443,1.2488670375042499,53.92670157068062,1.0214864766665843,,50.0,1.0
straight,20,50,1,comp_known,382,0.1931288041422295,0.36386803128341977,0.0,0.2233764653864133,,50.0,1.0
straight,20,50,1,comp_est,382,0.1931288041422295,0.36386803128341977,0.0,0.2233764653864133,0.0,50.0,1.0
straight,20,100,1,none,382,2.009908805083794,2.2355134460960127,100.0,2.0090826682956866,,100.0,2.0
straight,20,100,1,comp_known,382,0.19400897626653538,0.356906040533628,0.0,0.22178011514777257,,100.0,2.0
straight,20,100,1,comp_est,382,0.19400897626653538,0.356906040533628,0.0,0.22178011514777257,0.0,100.0,2.0
straight,20,150,1,none,382,3.007893975308257,3.2353818161461727,100.0,3.004894626119117,,150.0,3.0
straight,20,150,1,comp_known,382,0.1969168553531851,0.36171850907454195,0.0,0.2215103388216829,,150.0,3.0
straight,20,150,1,comp_est,382,0.1969168553531851,0.36171850907454195,0.0,0.2215103388216829,0.0,150.0,3.0
straight,20,200,1,none,382,4.006882672327246,4.232922138437486,100.0,4.002795305797301,,200.0,4.0
straight,20,200,1,comp_known,382,0.20164175748796845,0.3778183272119244,0.0,0.22417928076120608,,200.0,4.0
straight,20,200,1,comp_est,382,0.20164175748796845,0.3778183272119244,0.0,0.22417928076120608,0.0,200.0,4.0
straight,30,0,1,none,382,0.19376165928523809,0.36265913982066733,0.0,0.22462429961889446,,0.0,0.0
straight,30,0,1,comp_known,382,0.19376165928523809,0.36265913982066733,0.0,0.22462429961889446,,0.0,0.0
straight,30,0,1,comp_est,382,0.19376165928523809,0.36265913982066733,0.0,0.22462429961889446,0.0,0.0,0.0
straight,30,25,1,none,382,0.7698819690639302,1.0071375052071478,6.020942408376963,0.7795447296366861,,25.0,0.75
straight,30,25,1,comp_known,382,0.1932844722934848,0.36408586355238864,0.0,0.22407419720163355,,25.0,0.75
straight,30,25,1,comp_est,382,0.1932844722934848,0.36408586355238864,0.0,0.22407419720163355,0.0,25.0,0.75
straight,30,50,1,none,382,1.5119146087379338,1.740333525905451,99.73821989528795,1.5132494490431585,,50.0,1.5
straight,30,50,1,comp_known,382,0.19312880414223005,0.363868031283396,0.0,0.22337646538641814,,50.0,1.5
straight,30,50,1,comp_est,382,0.19312880414223005,0.363868031283396,0.0,0.22337646538641814,0.0,50.0,1.5
straight,30,100,1,none,382,3.007893975308257,3.23538181614628,100.0,3.004894626119111,,100.0,3.0
straight,30,100,1,comp_known,382,0.19400897626653552,0.35690604053360475,0.0,0.221780115147775,,100.0,3.0
straight,30,100,1,comp_est,382,0.19400897626653552,0.35690604053360475,0.0,0.221780115147775,0.0,100.0,3.0
straight,30,150,1,none,382,4.506544945252373,4.7325984142681685,100.0,4.502095016004173,,150.0,4.5
straight,30,150,1,comp_known,382,0.1969168553531833,0.3617185090745898,0.0,0.2215103388216834,,150.0,4.5
straight,30,150,1,comp_est,382,0.1969168553531833,0.3617185090745898,0.0,0.2215103388216834,0.0,150.0,4.5
straight,30,200,1,none,382,6.005868505969305,6.2319388120422925,100.0,6.000693905889518,,200.0,6.0
straight,30,200,1,comp_known,382,0.201641757487967,0.3778183272119259,0.0,0.22417928076120752,,200.0,6.0
straight,30,200,1,comp_est,382,0.201641757487967,0.3778183272119259,0.0,0.22417928076120752,0.0,200.0,6.0
maneuver,20,100,1,none,382,1.6364037274094267,2.1637576575281425,93.45549738219894,1.679292088013338,,100.0,2.0
maneuver,20,100,1,comp_known,382,0.19404490632888274,0.3571548296740258,0.0,0.2218912247499031,,100.0,2.0
maneuver,20,100,1,comp_est,382,0.19404490632888274,0.3571548296740258,0.0,0.2218912247499031,0.0,100.0,2.0
jitter,20,100,1,none,382,1.9675008834936498,3.0384773094850317,92.93193717277487,2.061821583781016,,98.0,2.0
jitter,20,100,1,comp_known,382,0.5558596358133809,1.2422051931621054,13.612565445026178,0.6705252346664408,,98.0,2.0
jitter,20,100,1,comp_est,382,0.5550286405032226,1.2476800442216152,13.350785340314136,0.6687706338474279,2.0000000000000018,98.0,2.0
standstill,20,100,1,none,382,0.19376165928523814,0.36265913982066084,0.0,0.22462429961889216,,-267.0,0.0
standstill,20,100,1,comp_known,382,0.19400897626653568,0.3569060405336394,0.0,0.22178011514777352,,-267.0,0.0
standstill,20,100,1,comp_est,382,0.2040381673176616,0.40357636118312956,0.0,0.22807387370974727,367.0,-267.0,0.0
straight,5,0,2,none,382,0.18764710567428386,0.37333685879473766,0.0,0.22201258658265777,,0.0,0.0
straight,5,0,2,comp_known,382,0.18764710567428386,0.37333685879473766,0.0,0.22201258658265777,,0.0,0.0
straight,5,0,2,comp_est,382,0.18764710567428386,0.37333685879473766,0.0,0.22201258658265777,0.0,0.0,0.0
straight,5,25,2,none,382,0.22335518913845967,0.42430000055212136,0.0,0.25795870012423555,,27.0,0.125
straight,5,25,2,comp_known,382,0.18868147076974645,0.3801881413402232,0.0,0.22300927165963477,,27.0,0.125
straight,5,25,2,comp_est,382,0.1887323175968658,0.3794536887785583,0.0,0.22301137139651467,1.9999999999999982,27.0,0.125
straight,5,50,2,none,382,0.30431144886184996,0.5327331765636524,0.0,0.33918401103007373,,51.0,0.25
straight,5,50,2,comp_known,382,0.18985957708877027,0.3789861909181554,0.0,0.22347283566062556,,51.0,0.25
straight,5,50,2,comp_est,382,0.1898503768197204,0.3739950847870618,0.0,0.22339094904822307,0.999999999999994,51.0,0.25
straight,5,100,2,none,382,0.5265834928653812,0.7654286676839277,0.0,0.5529936691100309,,101.0,0.5
straight,5,100,2,comp_known,382,0.193150536816171,0.38548969571842584,0.0,0.22298103670471575,,101.0,0.5
straight,5,100,2,comp_est,382,0.1931830489641818,0.3836029933098289,0.0,0.2228795079258355,1.0000000000000009,101.0,0.5
straight,5,150,2,none,382,0.7688196124587529,1.0087771927902338,7.068062827225131,0.7883896262718711,,151.0,0.75
straight,5,150,2,comp_known,382,0.19782752669428863,0.4011268179544491,0.0,0.22221276383091515,,151.0,0.75
straight,5,150,2,comp_est,382,0.19776780407777506,0.39983918538895213,0.0,0.22210469451774215,1.0000000000000009,151.0,0.75
straight,5,200,2,none,382,1.0150934098589177,1.2523455258927307,57.85340314136126,1.0306863769112422,,201.0,1.0
straight,5,200,2,comp_known,382,0.20327047373651577,0.40285474530468157,0.0,0.22275490070629128,,201.0,1.0
straight,5,200,2,comp_est,382,0.2033206185703347,0.40843356171006406,0.0,0.22274128200770324,1.0000000000000009,201.0,1.0
straight,10,0,2,none,382,0.18764710567428403,0.373336858794725,0.0,0.22201258658265785,,0.0,0.0
straight,10,0,2,comp_known,382,0.18764710567428403,0.373336858794725,0.0,0.22201258658265785,,0.0,0.0
straight,10,0,2,comp_est,382,0.18764710567428403,0.373336858794725,0.0,0.22201258658265785,0.0,0.0,0.0
straight,10,25,2,none,382,0.30431144886184924,0.5327331765636656,0.0,0.3391840110300724,,26.0,0.25
straight,10,25,2,comp_known,382,0.1886814707697465,0.3801881413402197,0.0,0.22300927165963474,,26.0,0.25
straight,10,25,2,comp_est,382,0.1886855119140984,0.37962198623143945,0.0,0.22298258630887172,0.9999999999999974,26.0,0.25
straight,10,50,2,none,382,0.5265834928653848,0.7654286676839263,0.0,0.5529936691100338,,51.0,0.5
straight,10,50,2,comp_known,382,0.1898595770887702,0.3789861909181621,0.0,0.22347283566062562,,51.0,0.5
straight,10,50,2,comp_est,382,0.18990332244959685,0.3747551492108287,0.0,0.22341515724048205,0.999999999999994,51.0,0.5
straight,10,100,2,none,382,1.015093409858919,1.2523455258927172,57.85340314136126,1.030686376911243,,101.0,1.0
straight,10,100,2,comp_known,382,0.19315053681617056,0.38548969571843306,0.0,0.22298103670471542,,101.0,1.0
straight,10,100,2,comp_est,382,0.19322906768863107,0.38579559228028704,0.0,0.22290548990096173,1.0000000000000009,101.0,1.0
straight,10,150,2,none,382,1.5114198718279015,1.7521407972707501,100.0,1.5227694562950354,,151.0,1.5
straight,10,150,2,comp_known,382,0.1978275266942886,0.4011268179544351,0.0,0.22221276383091498,,151.0,1.5
straight,10,150,2,comp_est,382,0.1977389079366162,0.4041454406920933,0.0,0.2221319515488945,1.0000000000000009,151.0,1.5
straight,10,200,2,none,382,2.0095955961238805,2.252026959846692,100.0,2.0187469446415807,,201.0,2.0
straight,10,200,2,comp_known,382,0.20327047373651552,0.40285474530468224,0.0,0.22275490070629098,,201.0,2.0
straight,10,200,2,comp_est,382,0.20330954664778825,0.4128014708115789,0.0,0.22276891367002138,1.0000000000000009,201.0,2.0
straight,20,0,2,none,382,0.18764710567428394,0.3733368587947503,0.0,0.22201258658265746,,0.0,0.0
straight,20,0,2,comp_known,382,0.18764710567428394,0.3733368587947503,0.0,0.22201258658265746,,0.0,0.0
straight,20,0,2,comp_est,382,0.18764710567428394,0.3733368587947503,0.0,0.22201258658265746,0.0,0.0,0.0
straight,20,25,2,none,382,0.5265834928653818,0.7654286676839535,0.0,0.5529936691100314,,25.0,0.5
straight,20,25,2,comp_known,382,0.18868147076974742,0.38018814134022455,0.0,0.22300927165963474,,25.0,0.5
straight,20,25,2,comp_est,382,0.18868147076974742,0.38018814134022455,0.0,0.22300927165963474,0.0,25.0,0.5
straight,20,50,2,none,382,1.0150934098589257,1.2523455258927214,57.85340314136126,1.0306863769112502,,50.0,1.0
straight,20,50,2,comp_known,382,0.18985957708876966,0.3789861909181621,0.0,0.22347283566062498,,50.0,1.0
straight,20,50,2,comp_est,382,0.18985957708876966,0.3789861909181621,0.0,0.22347283566062498,0.0,50.0,1.0
straight,20,100,2,none,382,2.009595596123882,2.2520269598466935,100.0,2.0187469446415824,,100.0,2.0
straight,20,100,2,comp_known,382,0.19315053681617,0.3854896957184487,0.0,0.2229810367047152,,100.0,2.0
straight,20,100,2,comp_est,382,0.19315053681617,0.3854896957184487,0.0,0.2229810367047152,0.0,100.0,2.0
straight,20,150,2,none,382,3.007776075174029,3.2519042945791377,100.0,3.0146913681916163,,150.0,3.0
straight,20,150,2,comp_known,382,0.19782752669428816,0.40112681795443683,0.0,0.2222127638309146,,150.0,3.0
straight,20,150,2,comp_est,382,0.19782752669428816,0.40112681795443683,0.0,0.2222127638309146,0.0,150.0,3.0
straight,20,200,2,none,382,4.006867300616765,4.251561691083572,100.0,4.012653593870057,,200.0,4.0
straight,20,200,2,comp_known,382,0.20327047373651544,0.40285474530468734,0.0,0.22275490070629078,,200.0,4.0
straight,20,200,2,comp_est,382,0.20327047373651544,0.40285474530468734,0.0,0.22275490070629078,0.0,200.0,4.0
straight,30,0,2,none,382,0.18764710567428453,0.37333685879474987,0.0,0.22201258658265968,,0.0,0.0
straight,30,0,2,comp_known,382,0.18764710567428453,0.37333685879474987,0.0,0.22201258658265968,,0.0,0.0
straight,30,0,2,comp_est,382,0.18764710567428453,0.37333685879474987,0.0,0.22201258658265968,0.0,0.0,0.0
straight,30,25,2,none,382,0.7688196124587519,1.0087771927902311,7.068062827225131,0.7883896262718616,,25.0,0.75
straight,30,25,2,comp_known,382,0.18868147076974615,0.3801881413402288,0.0,0.22300927165963425,,25.0,0.75
straight,30,25,2,comp_est,382,0.18868147076974615,0.3801881413402288,0.0,0.22300927165963425,0.0,25.0,0.75
straight,30,50,2,none,382,1.5114198718279113,1.7521407972707501,100.0,1.5227694562950371,,50.0,1.5
straight,30,50,2,comp_known,382,0.18985957708876874,0.3789861909181088,0.0,0.2234728356606257,,50.0,1.5
straight,30,50,2,comp_est,382,0.18985957708876874,0.3789861909181088,0.0,0.2234728356606257,0.0,50.0,1.5
straight,30,100,2,none,382,3.00777607517403,3.251904294579132,100.0,3.0146913681916083,,100.0,3.0
straight,30,100,2,comp_known,382,0.19315053681616828,0.3854896957184174,0.0,0.22298103670471417,,100.0,3.0
straight,30,100,2,comp_est,382,0.19315053681616828,0.3854896957184174,0.0,0.22298103670471417,0.0,100.0,3.0
straight,30,150,2,none,382,4.506564445559651,4.75098339804423,100.0,4.511973102077726,,150.0,4.5
straight,30,150,2,comp_known,382,0.1978275266942896,0.40112681795445804,0.0,0.2222127638309156,,150.0,4.5
straight,30,150,2,comp_est,382,0.1978275266942896,0.40112681795445804,0.0,0.2222127638309156,0.0,150.0,4.5
straight,30,200,2,none,382,6.005958773195212,6.250700080355057,100.0,6.0106104933107005,,200.0,6.0
straight,30,200,2,comp_known,382,0.20327047373651577,0.4028547453046256,0.0,0.2227549007062923,,200.0,6.0
straight,30,200,2,comp_est,382,0.20327047373651577,0.4028547453046256,0.0,0.2227549007062923,0.0,200.0,6.0
maneuver,20,100,2,none,382,1.6332049343260817,2.1829010568070655,93.97905759162303,1.6823307627022364,,101.0,2.0
maneuver,20,100,2,comp_known,382,0.19318646490634298,0.38548969571841185,0.0,0.222992454414885,,101.0,2.0
maneuver,20,100,2,comp_est,382,0.19354394143364886,0.3740239059433934,0.0,0.22289592747039985,1.0000000000000009,101.0,2.0
jitter,20,100,2,none,382,1.9859982036050914,3.064977720790146,94.76439790575915,2.0846588219520523,,99.0,2.0
jitter,20,100,2,comp_known,382,0.5315313717713984,1.2338142396797902,11.2565445026178,0.6450498427342587,,99.0,2.0
jitter,20,100,2,comp_est,382,0.5305141247833428,1.2289479681596467,10.99476439790576,0.6448223227919797,1.0000000000000009,99.0,2.0
standstill,20,100,2,none,382,0.18764710567428391,0.3733368587947313,0.0,0.22201258658265802,,-109.0,0.0
standstill,20,100,2,comp_known,382,0.19315053681617075,0.3854896957184247,0.0,0.22298103670471542,,-109.0,0.0
standstill,20,100,2,comp_est,382,0.18837194576578298,0.38303425068567687,0.0,0.21693555749794002,209.00000000000003,-109.0,0.0
straight,5,0,3,none,382,0.18712348165492998,0.35473679364987576,0.0,0.21632266434070052,,0.0,0.0
straight,5,0,3,comp_known,382,0.18712348165492998,0.35473679364987576,0.0,0.21632266434070052,,0.0,0.0
straight,5,0,3,comp_est,382,0.18712348165492998,0.35473679364987576,0.0,0.21632266434070052,0.0,0.0,0.0
straight,5,25,3,none,382,0.21459321200279136,0.4169353140523802,0.0,0.2488341586032482,,25.0,0.125
straight,5,25,3,comp_known,382,0.18701430775507677,0.35272848644394683,0.0,0.21572207678965596,,25.0,0.125
straight,5,25,3,comp_est,382,0.18701430775507677,0.35272848644394683,0.0,0.21572207678965596,0.0,25.0,0.125
straight,5,50,3,none,382,0.2945621472770225,0.5228669095488604,0.0,0.32907655928083707,,49.0,0.25
straight,5,50,3,comp_known,382,0.1873695798963299,0.3513497259556981,0.0,0.21508989312147175,,49.0,0.25
straight,5,50,3,comp_est,382,0.18717767341505753,0.3536259984676224,0.0,0.21512398945084882,1.0000000000000009,49.0,0.25
straight,5,100,3,none,382,0.5190800376788828,0.7607767566438054,0.2617801047120419,0.5429431541411748,,99.0,0.5
straight,5,100,3,comp_known,382,0.18976363437113317,0.36480906039138616,0.0,0.21398953042692884,,99.0,0.5
straight,5,100,3,comp_est,382,0.18954909699785313,0.3650365403840669,0.0,0.21399856560310598,1.0000000000000009,99.0,0.5
straight,5,150,3,none,382,0.7616569891965828,1.0043212567113757,6.020942408376963,0.778641865936723,,149.0,0.75
straight,5,150,3,comp_known,382,0.19439888718903062,0.36652372853004395,0.0,0.214471086496387,,149.0,0.75
straight,5,150,3,comp_est,382,0.19421007720892508,0.3638643929804504,0.0,0.2144527597746356,1.0000000000000009,149.0,0.75
straight,5,200,3,none,382,1.0079507720631216,1.2510807160854969,50.0,1.0211655312191419,,199.0,1.0
straight,5,200,3,comp_known,382,0.20193476584496572,0.3827171584521114,0.0,0.21784655329731517,,199.0,1.0
straight,5,200,3,comp_est,382,0.20167264476605792,0.3847104668221992,0.0,0.21769471144342606,1.0000000000000009,199.0,1.0
straight,10,0,3,none,382,0.18712348165492998,0.35473679364987615,0.0,0.21632266434070044,,0.0,0.0
straight,10,0,3,comp_known,382,0.18712348165492998,0.35473679364987615,0.0,0.21632266434070044,,0.0,0.0
straight,10,0,3,comp_est,382,0.18712348165492998,0.35473679364987615,0.0,0.21632266434070044,0.0,0.0,0.0
straight,10,25,3,none,382,0.2945621472770208,0.5228669095488604,0.0,0.32907655928083596,,25.0,0.25
straight,10,25,3,comp_known,382,0.1870143077550769,0.35272848644394694,0.0,0.21572207678965596,,25.0,0.25
straight,10,25,3,comp_est,382,0.1870143077550769,0.35272848644394694,0.0,0.21572207678965596,0.0,25.0,0.25
straight,10,50,3,none,382,0.5190800376788858,0.7607767566438061,0.2617801047120419,0.5429431541411779,,50.0,0.5
straight,10,50,3,comp_known,382,0.18736957989633005,0.35134972595569747,0.0,0.21508989312147178,,50.0,0.5
straight,10,50,3,comp_est,382,0.18736957989633005,0.35134972595569747,0.0,0.21508989312147178,0.0,50.0,0.5
straight,10,100,3,none,382,1.0079507720631224,1.2510807160854958,50.0,1.0211655312191432,,100.0,1.0
straight,10,100,3,comp_known,382,0.18976363437113375,0.3648090603913915,0.0,0.21398953042692925,,100.0,1.0
straight,10,100,3,comp_est,382,0.18976363437113375,0.3648090603913915,0.0,0.21398953042692925,0.0,100.0,1.0
straight,10,150,3,none,382,1.504225164317622,1.7470809597507997,100.0,1.513529258280587,,150.0,1.5
straight,10,150,3,comp_known,382,0.19439888718903123,0.3665237285300514,0.0,0.2144710864963871,,150.0,1.5
straight,10,150,3,comp_est,382,0.19439888718903123,0.3665237285300514,0.0,0.2144710864963871,0.0,150.0,1.5
straight,10,200,3,none,382,2.0023502973859766,2.2454995797856494,100.0,2.009667283207018,,200.0,2.0
straight,10,200,3,comp_known,382,0.20193476584496578,0.3827171584521121,0.0,0.21784655329731456,,200.0,2.0
straight,10,200,3,comp_est,382,0.20193476584496578,0.3827171584521121,0.0,0.21784655329731456,0.0,200.0,2.0
straight,20,0,3,none,382,0.18712348165492962,0.3547367936498753,0.0,0.21632266434070074,,0.0,0.0
straight,20,0,3,comp_known,382,0.18712348165492962,0.3547367936498753,0.0,0.21632266434070074,,0.0,0.0
straight,20,0,3,comp_est,382,0.18712348165492962,0.3547367936498753,0.0,0.21632266434070074,0.0,0.0,0.0
straight,20,25,3,none,382,0.5190800376788841,0.7607767566438047,0.2617801047120419,0.5429431541411767,,25.0,0.5
straight,20,25,3,comp_known,382,0.18701430775507616,0.3527284864439724,0.0,0.21572207678965571,,25.0,0.5
straight,20,25,3,comp_est,382,0.18701430775507616,0.3527284864439724,0.0,0.21572207678965571,0.0,25.0,0.5
straight,20,50,3,none,382,1.00795077206313,1.2510807160855,50.0,1.0211655312191512,,50.0,1.0
straight,20,50,3,comp_known,382,0.18736957989632982,0.351349725955698,0.0,0.21508989312147195,,50.0,1.0
straight,20,50,3,comp_est,382,0.18736957989632982,0.351349725955698,0.0,0.21508989312147195,0.0,50.0,1.0
straight,20,100,3,none,382,2.0023502973859797,2.2454995797856228,100.0,2.0096672832070217,,100.0,2.0
straight,20,100,3,comp_known,382,0.1897636343711335,0.3648090603913905,0.0,0.2139895304269302,,100.0,2.0
straight,20,100,3,comp_est,382,0.1897636343711335,0.3648090603913905,0.0,0.2139895304269302,0.0,100.0,2.0
straight,20,150,3,none,382,3.000464767683964,3.243230886685179,100.0,3.0057854441452267,,150.0,3.0
straight,20,150,3,comp_known,382,0.19439888718903078,0.3665237285300514,0.0,0.21447108649638771,,150.0,3.0
straight,20,150,3,comp_est,382,0.19439888718903078,0.3665237285300514,0.0,0.21447108649638771,0.0,150.0,3.0
straight,20,200,3,none,382,3.99951737213514,4.241436469131801,100.0,4.003839367816581,,200.0,4.0
straight,20,200,3,comp_known,382,0.20193476584496506,0.3827171584521351,0.0,0.21784655329731462,,200.0,4.0
straight,20,200,3,comp_est,382,0.20193476584496506,0.3827171584521351,0.0,0.21784655329731462,0.0,200.0,4.0
straight,30,0,3,none,382,0.18712348165492976,0.3547367936498744,0.0,0.21632266434070271,,0.0,0.0
straight,30,0,3,comp_known,382,0.18712348165492976,0.3547367936498744,0.0,0.21632266434070271,,0.0,0.0
straight,30,0,3,comp_est,382,0.18712348165492976,0.3547367936498744,0.0,0.21632266434070271,0.0,0.0,0.0
straight,30,25,3,none,382,0.761656989196581,1.0043212567112687,6.020942408376963,0.7786418659367158,,25.0,0.75
straight,30,25,3,comp_known,382,0.18701430775507463,0.35272848644387145,0.0,0.215722076789655,,25.0,0.75
straight,30,25,3,comp_est,382,0.18701430775507463,0.35272848644387145,0.0,0.215722076789655,0.0,25.0,0.75
straight,30,50,3,none,382,1.504225164317632,1.7470809597508012,100.0,1.5135292582805908,,50.0,1.5
straight,30,50,3,comp_known,382,0.1873695798963262,0.3513497259556969,0.0,0.21508989312146998,,50.0,1.5
straight,30,50,3,comp_est,382,0.1873695798963262,0.3513497259556969,0.0,0.21508989312146998,0.0,50.0,1.5
straight,30,100,3,none,382,3.000464767683964,3.243230886685179,100.0,3.0057854441452196,,100.0,3.0
straight,30,100,3,comp_known,382,0.18976363437113178,0.3648090603913965,0.0,0.21398953042692914,,100.0,3.0
straight,30,100,3,comp_est,382,0.18976363437113178,0.3648090603913965,0.0,0.21398953042692914,0.0,100.0,3.0
straight,30,150,3,none,382,4.499200824581656,4.740822890575125,100.0,4.503190142199101,,150.0,4.5
straight,30,150,3,comp_known,382,0.19439888718902992,0.36652372853005205,0.0,0.21447108649638594,,150.0,4.5
straight,30,150,3,comp_est,382,0.19439888718902992,0.36652372853005205,0.0,0.21447108649638594,0.0,150.0,4.5
straight,30,200,3,none,382,5.998566549353211,6.239380913666665,100.0,6.001891100091949,,200.0,6.0
straight,30,200,3,comp_known,382,0.20193476584496606,0.38271715845211984,0.0,0.21784655329731623,,200.0,6.0
straight,30,200,3,comp_est,382,0.20193476584496606,0.38271715845211984,0.0,0.21784655329731623,0.0,200.0,6.0
maneuver,20,100,3,none,382,1.6296811787387155,2.1640080924702305,94.50261780104712,1.6762846089464185,,100.0,2.0
maneuver,20,100,3,comp_known,382,0.18979569477306918,0.36505063602842464,0.0,0.21413388389108062,,100.0,2.0
maneuver,20,100,3,comp_est,382,0.18979569477306918,0.36505063602842464,0.0,0.21413388389108062,0.0,100.0,2.0
jitter,20,100,3,none,382,2.018538423807436,3.037276528107198,95.02617801047121,2.110230362029484,,100.0,2.0
jitter,20,100,3,comp_known,382,0.5289155500711124,1.1862035032092597,10.471204188481675,0.6362869067588864,,100.0,2.0
jitter,20,100,3,comp_est,382,0.5289155500711124,1.1862035032092597,10.471204188481675,0.6362869067588864,0.0,100.0,2.0
standstill,20,100,3,none,382,0.18712348165492992,0.35473679364987565,0.0,0.2163226643407004,,82.0,0.0
standstill,20,100,3,comp_known,382,0.18976363437113333,0.3648090603913909,0.0,0.21398953042692886,,82.0,0.0
standstill,20,100,3,comp_est,382,0.1885712533737919,0.3622906092103929,0.0,0.21425984096683975,18.000000000000004,82.0,0.0
straight,5,0,4,none,382,0.1931517342372319,0.38304674886763235,0.0,0.22817423750269977,,2.0,0.0
straight,5,0,4,comp_known,382,0.1931517342372319,0.38304674886763235,0.0,0.22817423750269977,,2.0,0.0
straight,5,0,4,comp_est,382,0.1927130863131361,0.38793107633937834,0.0,0.2277404388225528,2.0,2.0,0.0
straight,5,25,4,none,382,0.22850611978866087,0.43032904183764614,0.0,0.26652658399804785,,28.0,0.125
straight,5,25,4,comp_known,382,0.1926932689924231,0.3784540355962714,0.0,0.22728805434457713,,28.0,0.125
straight,5,25,4,comp_est,382,0.19223640304739817,0.38328875324859946,0.0,0.22679331819957105,2.999999999999999,28.0,0.125
straight,5,50,4,none,382,0.31110375849057637,0.5406174842041662,0.0,0.3482231429635302,,53.0,0.25
straight,5,50,4,comp_known,382,0.19276506750590022,0.3822678232374711,0.0,0.22632105118894255,,53.0,0.25
straight,5,50,4,comp_est,382,0.19238593699612758,0.38245645183777016,0.0,0.22581175182077173,2.9999999999999956,53.0,0.25
straight,5,100,4,none,382,0.5342682513843384,0.7786716286865376,0.5235602094240838,0.5616540144349171,,102.0,0.5
straight,5,100,4,comp_known,382,0.19457234555129038,0.3913203087951864,0.0,0.2243877399597451,,102.0,0.5
straight,5,100,4,comp_est,382,0.19437664756580258,0.3922109180338461,0.0,0.2239705113861054,1.999999999999988,102.0,0.5
straight,5,150,4,none,382,0.7757517643822556,1.0268629915534342,7.329842931937172,0.7966499272367495,,152.0,0.75
straight,5,150,4,comp_known,382,0.1983801364904521,0.39031851213106944,0.0,0.2237380572517729,,152.0,0.75
straight,5,150,4,comp_est,382,0.1982060787669216,0.3941643843684541,0.0,0.22334487182360235,2.0000000000000018,152.0,0.75
straight,5,200,4,none,382,1.021673885554472,1.2756377284687244,57.85340314136126,1.0386755899710818,,202.0,1.0
straight,5,200,4,comp_known,382,0.20458458689555853,0.4043101834497311,0.0,0.22559261229140823,,202.0,1.0
straight,5,200,4,comp_est,382,0.20468043418553097,0.40862739261439407,0.0,0.22545415919042644,2.0000000000000018,202.0,1.0
straight,10,0,4,none,382,0.19315173423723223,0.38304674886762624,0.0,0.2281742375027007,,1.0,0.0
straight,10,0,4,comp_known,382,0.19315173423723223,0.38304674886762624,0.0,0.2281742375027007,,1.0,0.0
straight,10,0,4,comp_est,382,0.19274387941951307,0.3877505849953385,0.0,0.22777346269489118,1.0,1.0,0.0
straight,10,25,4,none,382,0.31110375849057553,0.5406174842041664,0.0,0.34822314296352963,,27.0,0.25
straight,10,25,4,comp_known,382,0.19269326899242376,0.3784540355962775,0.0,0.2272880543445782,,27.0,0.25
straight,10,25,4,comp_est,382,0.19228062055071293,0.38295803653798066,0.0,0.2269216341520673,1.9999999999999982,27.0,0.25
straight,10,50,4,none,382,0.5342682513843418,0.7786716286865495,0.5235602094240838,0.5616540144349205,,51.0,0.5
straight,10,50,4,comp_known,382,0.19276506750590022,0.382267823237468,0.0,0.22632105118894338,,51.0,0.5
straight,10,50,4,comp_est,382,0.19239494751930103,0.3844309708465391,0.0,0.22591267359854045,0.999999999999994,51.0,0.5
straight,10,100,4,none,382,1.0216738855544734,1.2756377284687235,57.85340314136126,1.038675589971083,,101.0,1.0
straight,10,100,4,comp_known,382,0.1945723455512902,0.3913203087951864,0.0,0.22438773995974537,,101.0,1.0
straight,10,100,4,comp_est,382,0.1943076228409817,0.39242487320434083,0.0,0.22399400839315015,1.0000000000000009,101.0,1.0
straight,10,150,4,none,382,1.5176798871665684,1.770241183904735,99.73821989528795,1.5304374310871707,,151.0,1.5
straight,10,150,4,comp_known,382,0.19838013649045158,0.3903185121310632,0.0,0.2237380572517726,,151.0,1.5
straight,10,150,4,comp_est,382,0.19812972962596054,0.3938495648380853,0.0,0.22335536816603954,1.0000000000000009,151.0,1.5
straight,10,200,4,none,382,2.0157069092635242,2.268430868926631,100.0,2.026235543993739,,201.0,2.0
straight,10,200,4,comp_known,382,0.20458458689555886,0.40431018344974107,0.0,0.22559261229140837,,201.0,2.0
straight,10,200,4,comp_est,382,0.20447769160668303,0.408335624943457,0.0,0.22533647916294294,1.0000000000000009,201.0,2.0
straight,20,0,4,none,382,0.19315173423723153,0.38304674886762624,0.0,0.22817423750269974,,1.0,0.0
straight,20,0,4,comp_known,382,0.19315173423723153,0.38304674886762624,0.0,0.22817423750269974,,1.0,0.0
straight,20,0,4,comp_est,382,0.19273221605719598,0.38172328721534615,0.0,0.22784417809149304,1.0,1.0,0.0
straight,20,25,4,none,382,0.5342682513843403,0.7786716286865734,0.5235602094240838,0.5616540144349187,,26.0,0.5
straight,20,25,4,comp_known,382,0.19269326899242223,0.378454035596253,0.0,0.22728805434457702,,26.0,0.5
straight,20,25,4,comp_est,382,0.19228518368048206,0.38331284114327513,0.0,0.22695787561388192,0.9999999999999974,26.0,0.5
straight,20,50,4,none,382,1.0216738855544811,1.2756377284687646,57.85340314136126,1.0386755899710904,,51.0,1.0
straight,20,50,4,comp_known,382,0.19276506750589908,0.38226782323748043,0.0,0.22632105118894263,,51.0,1.0
straight,20,50,4,comp_est,382,0.19241446531195747,0.38082826296067573,0.0,0.22598802136822566,0.999999999999994,51.0,1.0
straight,20,100,4,none,382,2.0157069092635274,2.2684308689266257,100.0,2.0262355439937414,,101.0,2.0
straight,20,100,4,comp_known,382,0.19457234555128883,0.3913203087951864,0.0,0.22438773995974368,,101.0,2.0
straight,20,100,4,comp_est,382,0.1943223561142614,0.39160642474095136,0.0,0.22407101496007192,1.0000000000000009,101.0,2.0
straight,20,150,4,none,382,3.0137467681514094,3.2664702068255136,100.0,3.021988414651099,,151.0,3.0
straight,20,150,4,comp_known,382,0.19838013649045277,0.39031851213104984,0.0,0.22373805725177323,,151.0,3.0
straight,20,150,4,comp_est,382,0.19819059399455963,0.39688508481499407,0.0,0.22343167804157252,1.0000000000000009,151.0,3.0
straight,20,200,4,none,382,4.01277082244016,4.2654280463804595,100.0,4.019850429658701,,201.0,4.0
straight,20,200,4,comp_known,382,0.20458458689555908,0.40431018344974884,0.0,0.22559261229140917,,201.0,4.0
straight,20,200,4,comp_est,382,0.204582565571289,0.41093702402736054,0.0,0.22541042978893353,1.0000000000000009,201.0,4.0
straight,30,0,4,none,382,0.1931517342372316,0.38304674886763845,0.0,0.22817423750269822,,0.0,0.0
straight,30,0,4,comp_known,382,0.1931517342372316,0.38304674886763845,0.0,0.22817423750269822,,0.0,0.0
straight,30,0,4,comp_est,382,0.1931517342372316,0.38304674886763845,0.0,0.22817423750269822,0.0,0.0,0.0
straight,30,25,4,none,382,0.7757517643822545,1.026862991553474,7.329842931937172,0.7966499272367424,,25.0,0.75
straight,30,25,4,comp_known,382,0.192693268992423,0.378454035596253,0.0,0.22728805434457783,,25.0,0.75
straight,30,25,4,comp_est,382,0.192693268992423,0.378454035596253,0.0,0.22728805434457783,0.0,25.0,0.75
straight,30,50,4,none,382,1.5176798871665786,1.770241183904723,99.73821989528795,1.5304374310871738,,50.0,1.5
straight,30,50,4,comp_known,382,0.19276506750590094,0.38226782323750547,0.0,0.2263210511889433,,50.0,1.5
straight,30,50,4,comp_est,382,0.19276506750590094,0.38226782323750547,0.0,0.2263210511889433,0.0,50.0,1.5
straight,30,100,4,none,382,3.013746768151409,3.266470206825455,100.0,3.021988414651092,,100.0,3.0
straight,30,100,4,comp_known,382,0.1945723455512859,0.39132030879514634,0.0,0.2243877399597399,,100.0,3.0
straight,30,100,4,comp_est,382,0.1945723455512859,0.39132030879514634,0.0,0.2243877399597399,0.0,100.0,3.0
straight,30,150,4,none,382,4.51244605145971,4.765070912106675,100.0,4.5191358937409865,,150.0,4.5
straight,30,150,4,comp_known,382,0.19838013649045177,0.390318512131104,0.0,0.22373805725177326,,150.0,4.5
straight,30,150,4,comp_est,382,0.19838013649045177,0.390318512131104,0.0,0.22373805725177326,0.0,150.0,4.5
straight,30,200,4,none,382,6.011797266052336,6.264341457427922,100.0,6.017704252778691,,200.0,6.0
straight,30,200,4,comp_known,382,0.20458458689555695,0.40431018344974884,0.0,0.22559261229140576,,200.0,6.0
straight,30,200,4,comp_est,382,0.20458458689555695,0.40431018344974884,0.0,0.22559261229140576,0.0,200.0,6.0
maneuver,20,100,4,none,382,1.6308040408467896,2.1675550352804707,95.28795811518324,1.6756934799033416,,100.0,2.0
maneuver,20,100,4,comp_known,382,0.19451892515874133,0.3913203087951612,0.0,0.22426545459092329,,100.0,2.0
maneuver,20,100,4,comp_est,382,0.19451892515874133,0.3913203087951612,0.0,0.22426545459092329,0.0,100.0,2.0
jitter,20,100,4,none,382,1.9932366547778444,3.0158866892298555,95.02617801047121,2.092832808963218,,99.0,2.0
jitter,20,100,4,comp_known,382,0.537083709753345,1.1849677634457643,11.518324607329843,0.6481790756067146,,99.0,2.0
jitter,20,100,4,comp_est,382,0.5372510987532471,1.1833184580713065,11.2565445026178,0.6481794325809805,1.0000000000000009,99.0,2.0
standstill,20,100,4,none,382,0.1931517342372318,0.383046748867631,0.0,0.22817423750269974,,91.0,0.0
standstill,20,100,4,comp_known,382,0.19457234555129002,0.3913203087951762,0.0,0.2243877399597448,,91.0,0.0
standstill,20,100,4,comp_est,382,0.19405445248402517,0.38932706182191795,0.0,0.22465473734520378,9.000000000000007,91.0,0.0
